Workbook

Sheet Tasks
B2: TASKS
B6: Task ID | C6: Task Name | D6: Assigned To | E6: Start Date | F6: End Date | G6: Duration | H6: Status | I6: % Complete | J6: Progress | K6: Notes
B7: 1 | C7: Market Research | D7: Research Team | E7: 54940 | F7: 54953 | G7: =IF(B7="","",(F7-E7)+1 & " DAYS") -> 14 DAYS | H7: Completed | I7: 1 | J7: =IFERROR(__xludf.DUMMYFUNCTION("IFERROR(SPARKLINE(I7,{""charttype"",""bar"";""max"",1;""min"",0;""color1"",""#f9ebb2""}))"),"") | K7: Initial market analysis completed
B8: 2 | C8: Product Conceptualization | D8: Product Team | E8: 54954 | F8: 54974 | G8: =IF(B8="","",(F8-E8)+1 & " DAYS") -> 21 DAYS | H8: Ongoing | I8: 0.6 | J8: =IFERROR(__xludf.DUMMYFUNCTION("IFERROR(SPARKLINE(I8,{""charttype"",""bar"";""max"",1;""min"",0;""color1"",""#f9ebb2""}))"),"") | K8: Concept art in review
B9: 3 | C9: Feasibility Study | D9: Analysis Team | E9: 54949 | F9: 54979 | G9: =IF(B9="","",(F9-E9)+1 & " DAYS") -> 31 DAYS | H9: Ongoing | I9: 0.5 | J9: =IFERROR(__xludf.DUMMYFUNCTION("IFERROR(SPARKLINE(I9,{""charttype"",""bar"";""max"",1;""min"",0;""color1"",""#f9ebb2""}))"),"") | K9: Awaiting final risk assessment
B10: 4 | C10: Financial Planning | D10: Finance Department | E10: 54980 | F10: 55001 | G10: =IF(B10="","",(F10-E10)+1 & " DAYS") -> 22 DAYS | H10: Not Started | I10: 0 | J10: =IFERROR(__xludf.DUMMYFUNCTION("IFERROR(SPARKLINE(I10,{""charttype"",""bar"";""max"",1;""min"",0;""color1"",""#f9ebb2""}))"),"") | K10: To begin after feasibility approval
B11: 5 | C11: Prototype Development | D11: Engineering Team | E11: 55002 | F11: 55046 | G11: =IF(B11="","",(F11-E11)+1 & " DAYS") -> 45 DAYS | H11: Not Started | I11: 0 | J11: =IFERROR(__xludf.DUMMYFUNCTION("IFERROR(SPARKLINE(I11,{""charttype"",""bar"";""max"",1;""min"",0;""color1"",""#f9ebb2""}))"),"") | K11: Materials being sourced
B12: 6 | C12: Branding & Identity Creation | D12: Marketing Department | E12: 54975 | F12: 55010 | G12: =IF(B12="","",(F12-E12)+1 & " DAYS") -> 36 DAYS | H12: Ongoing | I12: 0.3 | J12: =IFERROR(__xludf.DUMMYFUNCTION("IFERROR(SPARKLINE(I12,{""charttype"",""bar"";""max"",1;""min"",0;""color1"",""#f9ebb2""}))"),"") | K12: Logo finalized, color scheme in dev
B13: 7 | C13: Testing Phase I | D13: QA Team | E13: 55047 | F13: 55077 | G13: =IF(B13="","",(F13-E13)+1 & " DAYS") -> 31 DAYS | H13: Upcoming | I13: 0 | J13: =IFERROR(__xludf.DUMMYFUNCTION("IFERROR(SPARKLINE(I13,{""charttype"",""bar"";""max"",1;""min"",0;""color1"",""#f9ebb2""}))"),"") | K13: Scheduled after prototype dev
B14: 8 | C14: Marketing Strategy | D14: Marketing Department | E14: 55062 | F14: 55093 | G14: =IF(B14="","",(F14-E14)+1 & " DAYS") -> 32 DAYS | H14: Upcoming | I14: 0 | J14: =IFERROR(__xludf.DUMMYFUNCTION("IFERROR(SPARKLINE(I14,{""charttype"",""bar"";""max"",1;""min"",0;""color1"",""#f9ebb2""}))"),"") | K14: Awaiting market research update
B15: 9 | C15: Compliance Checks | D15: Legal Team | E15: 55032 | F15: 55066 | G15: =IF(B15="","",(F15-E15)+1 & " DAYS") -> 35 DAYS | H15: Upcoming | I15: 0 | J15: =IFERROR(__xludf.DUMMYFUNCTION("IFERROR(SPARKLINE(I15,{""charttype"",""bar"";""max"",1;""min"",0;""color1"",""#f9ebb2""}))"),"") | K15: Dependencies on final product specs
B16: 10 | C16: Launch Event Planning | D16: Events Team | E16: 55094 | F16: 55117 | G16: =IF(B16="","",(F16-E16)+1 & " DAYS") -> 24 DAYS | H16: Upcoming | I16: 0 | J16: =IFERROR(__xludf.DUMMYFUNCTION("IFERROR(SPARKLINE(I16,{""charttype"",""bar"";""max"",1;""min"",0;""color1"",""#f9ebb2""}))"),"") | K16: Venue to be booked by 2050-10-01
G17: =IF(B17="","",(F17-E17)+1 & " DAYS")
G18: =IF(B18="","",(F18-E18)+1 & " DAYS")
G19: =IF(B19="","",(F19-E19)+1 & " DAYS")
G20: =IF(B20="","",(F20-E20)+1 & " DAYS")
G21: =IF(B21="","",(F21-E21)+1 & " DAYS")
G22: =IF(B22="","",(F22-E22)+1 & " DAYS")
G23: =IF(B23="","",(F23-E23)+1 & " DAYS")
G24: =IF(B24="","",(F24-E24)+1 & " DAYS")
G25: =IF(B25="","",(F25-E25)+1 & " DAYS")
G26: =IF(B26="","",(F26-E26)+1 & " DAYS")
G27: =IF(B27="","",(F27-E27)+1 & " DAYS")
G28: =IF(B28="","",(F28-E28)+1 & " DAYS")
... G31: =IF(B31="","",(F31-E31)+1 & " DAYS")
B33: CHOOSE & DOWNLOAD MORE TIMELINE TEMPLATES | F33: © TEMPLATE.NET

Sheet Gantt Chart
B2: GANTT CHART
K3: 💡 | L3: THE CALENDAR SECTION OF THE GANTT CHART IS AUTO FORMULATED. NO NEED TO EDIT.
K7: =$D10 -> 54940 | L7: =K7+6 -> 54946 | M7: =L7+6 -> 54952 | N7: =M7+6 -> 54958 | O7: =N7+6 -> 54964 | P7: =O7+6 -> 54970 | Q7: =P7+6 -> 54976 | R7: =Q7+6 -> 54982 | S7: =R7+6 -> 54988 | ... BR7: =BQ7+6 -> 55294
B8: TASK | C8: ASSIGNED TO | D8: START TIME | E8: END TIME | F8: STATUS | G8: % COMPLETE | H8: PROGRESS | I8: DURATION (days)
B9: =K5 -> 0
B10: =IF(Tasks!B7="","", Tasks!C7) -> Market Research | C10: =IF(Tasks!B7="","", Tasks!D7) -> Research Team | D10: =IF(Tasks!B7="","", Tasks!E7) -> 54940 | E10: =IF(Tasks!B7="","", Tasks!F7) -> 54953 | F10: COMPLETED | G10: 1 | H10: =IF(G10<>"", G10, "") -> 1 | I10: =IF(D10="","",(E10-D10)) -> 13
B11: =IF(Tasks!B8="","", Tasks!C8) -> Product Conceptualization | C11: =IF(Tasks!B8="","", Tasks!D8) -> Product Team | D11: =IF(Tasks!B8="","", Tasks!E8) -> 54954 | E11: =IF(Tasks!B8="","", Tasks!F8) -> 54974 | F11: IN PROGRESS | G11: 0.8 | H11: =IF(G11<>"", G11, "") -> 0.8 | I11: =IF(D11="","",(E11-D11)) -> 20
B12: =IF(Tasks!B9="","", Tasks!C9) -> Feasibility Study | C12: =IF(Tasks!B9="","", Tasks!D9) -> Analysis Team | D12: =IF(Tasks!B9="","", Tasks!E9) -> 54949 | E12: =IF(Tasks!B9="","", Tasks!F9) -> 54979 | F12: IN PROGRESS | G12: 0.43 | H12: =IF(G12<>"", G12, "") -> 0.43 | I12: =IF(D12="","",(E12-D12)) -> 30
B13: =IF(Tasks!B10="","", Tasks!C10) -> Financial Planning | C13: =IF(Tasks!B10="","", Tasks!D10) -> Finance Department | D13: =IF(Tasks!B10="","", Tasks!E10) -> 54980 | E13: =IF(Tasks!B10="","", Tasks!F10) -> 55001 | F13: IN PROGRESS | H13: =IF(G13<>"", G13, "") | I13: =IF(D13="","",(E13-D13)) -> 21
B14: =IF(Tasks!B11="","", Tasks!C11) -> Prototype Development | C14: =IF(Tasks!B11="","", Tasks!D11) -> Engineering Team | D14: =IF(Tasks!B11="","", Tasks!E11) -> 55002 | E14: =IF(Tasks!B11="","", Tasks!F11) -> 55046 | H14: =IF(G14<>"", G14, "") | I14: =IF(D14="","",(E14-D14)) -> 44
B15: =IF(Tasks!B12="","", Tasks!C12) -> Branding & Identity Creation | C15: =IF(Tasks!B12="","", Tasks!D12) -> Marketing Department | D15: =IF(Tasks!B12="","", Tasks!E12) -> 54975 | E15: =IF(Tasks!B12="","", Tasks!F12) -> 55010 | H15: =IF(G15<>"", G15, "") | I15: =IF(D15="","",(E15-D15)) -> 35
B16: =IF(Tasks!B13="","", Tasks!C13) -> Testing Phase I | C16: =IF(Tasks!B13="","", Tasks!D13) -> QA Team | D16: =IF(Tasks!B13="","", Tasks!E13) -> 55047 | E16: =IF(Tasks!B13="","", Tasks!F13) -> 55077 | H16: =IF(G16<>"", G16, "") | I16: =IF(D16="","",(E16-D16)) -> 30
B17: =IF(Tasks!B14="","", Tasks!C14) -> Marketing Strategy | C17: =IF(Tasks!B14="","", Tasks!D14) -> Marketing Department | D17: =IF(Tasks!B14="","", Tasks!E14) -> 55062 | E17: =IF(Tasks!B14="","", Tasks!F14) -> 55093 | I17: =IF(D17="","",(E17-D17)) -> 31
B18: =IF(Tasks!B15="","", Tasks!C15) -> Compliance Checks | C18: =IF(Tasks!B15="","", Tasks!D15) -> Legal Team | D18: =IF(Tasks!B15="","", Tasks!E15) -> 55032 | E18: =IF(Tasks!B15="","", Tasks!F15) -> 55066 | I18: =IF(D18="","",(E18-D18)) -> 34
B19: =IF(Tasks!B16="","", Tasks!C16) -> Launch Event Planning | C19: =IF(Tasks!B16="","", Tasks!D16) -> Events Team | D19: =IF(Tasks!B16="","", Tasks!E16) -> 55094 | E19: =IF(Tasks!B16="","", Tasks!F16) -> 55117 | I19: =IF(D19="","",(E19-D19)) -> 23
B20: =IF(Tasks!B17="","", Tasks!C17) | C20: =IF(Tasks!B17="","", Tasks!D17) | D20: =IF(Tasks!B17="","", Tasks!E17) | E20: =IF(Tasks!B17="","", Tasks!F17) | H20: =IF(G20<>"", G20, "") | I20: =IF(D20="","",(E20-D20))
B21: =IF(Tasks!B18="","", Tasks!C18) | C21: =IF(Tasks!B18="","", Tasks!D18) | D21: =IF(Tasks!B18="","", Tasks!E18) | E21: =IF(Tasks!B18="","", Tasks!F18) | H21: =IF(G21<>"", G21, "") | I21: =IF(D21="","",(E21-D21))
B22: =IF(Tasks!B19="","", Tasks!C19) | C22: =IF(Tasks!B19="","", Tasks!D19) | D22: =IF(Tasks!B19="","", Tasks!E19) | E22: =IF(Tasks!B19="","", Tasks!F19) | H22: =IF(G22<>"", G22, "") | I22: =IF(D22="","",(E22-D22))
B23: =IF(Tasks!B20="","", Tasks!C20) | C23: =IF(Tasks!B20="","", Tasks!D20) | D23: =IF(Tasks!B20="","", Tasks!E20) | E23: =IF(Tasks!B20="","", Tasks!F20)
B24: =IF(Tasks!B21="","", Tasks!C21) | C24: =IF(Tasks!B21="","", Tasks!D21) | D24: =IF(Tasks!B21="","", Tasks!E21) | E24: =IF(Tasks!B21="","", Tasks!F21)
B25: =IF(Tasks!B22="","", Tasks!C22) | C25: =IF(Tasks!B22="","", Tasks!D22) | D25: =IF(Tasks!B22="","", Tasks!E22) | E25: =IF(Tasks!B22="","", Tasks!F22)
B26: =IF(Tasks!B23="","", Tasks!C23) | C26: =IF(Tasks!B23="","", Tasks!D23) | D26: =IF(Tasks!B23="","", Tasks!E23) | E26: =IF(Tasks!B23="","", Tasks!F23)
B27: =IF(Tasks!B24="","", Tasks!C24) | C27: =IF(Tasks!B24="","", Tasks!D24) | D27: =IF(Tasks!B24="","", Tasks!E24) | E27: =IF(Tasks!B24="","", Tasks!F24)
B28: =IF(Tasks!B25="","", Tasks!C25) | C28: =IF(Tasks!B25="","", Tasks!D25) | D28: =IF(Tasks!B25="","", Tasks!E25) | E28: =IF(Tasks!B25="","", Tasks!F25)
B29: =IF(Tasks!B26="","", Tasks!C26) | C29: =IF(Tasks!B26="","", Tasks!D26) | D29: =IF(Tasks!B26="","", Tasks!E26) | E29: =IF(Tasks!B26="","", Tasks!F26)
B30: =IF(Tasks!B27="","", Tasks!C27) | C30: =IF(Tasks!B27="","", Tasks!D27) | D30: =IF(Tasks!B27="","", Tasks!E27) | E30: =IF(Tasks!B27="","", Tasks!F27)
B31: =IF(Tasks!B28="","", Tasks!C28) | C31: =IF(Tasks!B28="","", Tasks!D28) | D31: =IF(Tasks!B28="","", Tasks!E28) | E31: =IF(Tasks!B28="","", Tasks!F28)
B32: =IF(Tasks!B29="","", Tasks!C29) | C32: =IF(Tasks!B29="","", Tasks!D29) | D32: =IF(Tasks!B29="","", Tasks!E29) | E32: =IF(Tasks!B29="","", Tasks!F29)
B33: =IF(Tasks!B30="","", Tasks!C30) | C33: =IF(Tasks!B30="","", Tasks!D30) | D33: =IF(Tasks!B30="","", Tasks!E30) | E33: =IF(Tasks!B30="","", Tasks!F30)
B34: =IF(Tasks!B31="","", Tasks!C31) | C34: =IF(Tasks!B31="","", Tasks!D31) | D34: =IF(Tasks!B31="","", Tasks!E31) | E34: =IF(Tasks!B31="","", Tasks!F31)
